manifest_sha256=AF470C3BF55E598FCC51A6792FA8B9DD8F0C85DBBF69786FE46AD4792A7706EF; count=50; seed=20260926; runtime=11.0.0
folder,index,width,height,encoded_bytes,encode_ms
Google Photos,0,2272,1704,3566124,66.313600
Google Photos,1,4032,3024,5732933,51.094200
Google Photos,2,3024,4032,7522147,67.106300
Google Photos,3,4032,3024,9298201,58.420200
Google Photos,4,2272,1704,5291523,25.579300
Google Photos,5,1600,1200,1161220,9.982300
Google Photos,6,3840,2160,5800659,39.862900
Google Photos,7,4080,3072,5822904,53.004400
Google Photos,8,3072,4080,5827682,57.356700
Google Photos,9,4032,3024,8359010,53.421200
test2017,0,500,334,293292,1.263500
test2017,1,640,429,374375,1.634400
test2017,2,640,426,333221,1.532000
test2017,3,640,427,253492,1.574000
test2017,4,640,427,401339,1.525500
test2017,5,500,332,153906,0.926100
test2017,6,640,480,449857,1.911600
test2017,7,640,480,650284,2.860200
test2017,8,640,426,361412,2.107600
test2017,9,500,375,265250,1.173400
train2017,0,640,288,293001,1.211200
train2017,1,640,480,511300,2.365000
train2017,2,640,491,183089,2.243000
train2017,3,640,480,454225,1.795500
train2017,4,375,500,315269,1.241300
train2017,5,640,281,303923,1.457200
train2017,6,480,640,326050,1.636000
train2017,7,375,500,346858,1.759900
train2017,8,500,375,154104,0.899200
train2017,9,640,480,333417,1.701300
unlabeled2017,0,640,427,440029,1.620100
unlabeled2017,1,640,427,433615,2.403700
unlabeled2017,2,640,428,451617,2.629400
unlabeled2017,3,640,426,505685,1.894500
unlabeled2017,4,480,640,551402,1.838100
unlabeled2017,5,640,426,265756,2.147100
unlabeled2017,6,426,640,516403,2.334900
unlabeled2017,7,640,424,486399,2.922100
unlabeled2017,8,640,426,267042,1.756500
unlabeled2017,9,480,640,434682,2.623900
val2017,0,640,428,286420,1.654500
val2017,1,640,480,246334,2.201900
val2017,2,640,480,344929,2.219900
val2017,3,480,640,579057,2.597300
val2017,4,640,427,205161,1.426400
val2017,5,640,480,472875,1.946800
val2017,6,640,428,420494,1.607600
val2017,7,640,480,414378,1.862800
val2017,8,640,427,273238,1.476000
val2017,9,375,500,251162,1.174700
