runtime=11.0.0; processors=32; mode=measure
pattern,effort,operation,run,ms,bytes,allocated_bytes
gradient,Fast,encode,0,1.180840,292045,591772
gradient,Fast,decode,0,0.645640,1048576,1050245
gradient,Fast,encode,1,1.151190,292045,591030
gradient,Fast,decode,1,0.672320,1048576,1049673
gradient,Fast,encode,2,1.090950,292045,591737
gradient,Fast,decode,2,0.571450,1048576,1050148
gradient,Fast,encode,3,1.089390,292045,591030
gradient,Fast,decode,3,0.585530,1048576,1049668
gradient,Fast,encode,4,1.154720,292045,591030
gradient,Fast,decode,4,0.575820,1048576,1049376
gradient,Fast,encode,5,1.082690,292045,591333
gradient,Fast,decode,5,0.564840,1048576,1049695
gradient,Fast,encode,6,1.035790,292045,591030
gradient,Fast,decode,6,0.579930,1048576,1049300
gradient,Fast,encode,7,1.098240,292045,591030
gradient,Fast,decode,7,0.540190,1048576,1049673
gradient,Fast,encode,8,1.073860,292045,591333
gradient,Fast,decode,8,0.564470,1048576,1049750
gradient,Default,encode,0,1.219300,260357,523329
gradient,Default,decode,0,1.138200,1048576,1048876
gradient,Default,encode,1,1.231140,260357,522970
gradient,Default,decode,1,1.099760,1048576,1048876
gradient,Default,encode,2,1.253840,260357,522702
gradient,Default,decode,2,1.119220,1048576,1048896
gradient,Default,encode,3,1.222580,260357,523391
gradient,Default,decode,3,1.066700,1048576,1048876
gradient,Default,encode,4,1.223900,260357,522712
gradient,Default,decode,4,1.065960,1048576,1048876
gradient,Default,encode,5,2.806060,260357,523368
gradient,Default,decode,5,3.035470,1048576,1048876
gradient,Default,encode,6,1.545530,260357,523396
gradient,Default,decode,6,1.554670,1048576,1048876
gradient,Default,encode,7,1.713350,260357,522691
gradient,Default,decode,7,1.459600,1048576,1048876
gradient,Default,encode,8,1.622010,260357,522996
gradient,Default,decode,8,1.332340,1048576,1048876
graphics,Fast,encode,0,0.760050,1977,10629
graphics,Fast,decode,0,0.143780,1048576,1049681
graphics,Fast,encode,1,0.790300,1977,10629
graphics,Fast,decode,1,0.137990,1048576,1049730
graphics,Fast,encode,2,0.817000,1977,10629
graphics,Fast,decode,2,0.132350,1048576,1049697
graphics,Fast,encode,3,0.772070,1977,10629
graphics,Fast,decode,3,0.119020,1048576,1049732
graphics,Fast,encode,4,0.770770,1977,10629
graphics,Fast,decode,4,0.159360,1048576,1049688
graphics,Fast,encode,5,0.794250,1977,10629
graphics,Fast,decode,5,0.132610,1048576,1049648
graphics,Fast,encode,6,0.790510,1977,10629
graphics,Fast,decode,6,0.151960,1048576,1049697
graphics,Fast,encode,7,0.780700,1977,10629
graphics,Fast,decode,7,0.152460,1048576,1049679
graphics,Fast,encode,8,0.776850,1977,10629
graphics,Fast,decode,8,0.129210,1048576,1049664
graphics,Default,encode,0,1.838980,1633,1586999
graphics,Default,decode,0,0.132330,1048576,1049716
graphics,Default,encode,1,1.987650,1633,1585365
graphics,Default,decode,1,0.262590,1048576,1049962
graphics,Default,encode,2,1.847700,1633,1587812
graphics,Default,decode,2,0.124570,1048576,1049736
graphics,Default,encode,3,1.993670,1633,1585365
graphics,Default,decode,3,0.202510,1048576,1050549
graphics,Default,encode,4,1.899820,1633,1586999
graphics,Default,decode,4,0.147730,1048576,1049749
graphics,Default,encode,5,1.927510,1633,1585365
graphics,Default,decode,5,0.300490,1048576,1050549
graphics,Default,encode,6,1.998420,1633,1586992
graphics,Default,decode,6,0.125800,1048576,1049716
graphics,Default,encode,7,1.876810,1633,1586182
graphics,Default,decode,7,0.150890,1048576,1049749
graphics,Default,encode,8,1.888660,1633,1585365
graphics,Default,decode,8,0.192950,1048576,1049749
noise,Fast,encode,0,1.857340,835271,1677213
noise,Fast,decode,0,0.572330,1048576,1049396
noise,Fast,encode,1,1.906180,835271,1677911
noise,Fast,decode,1,0.573670,1048576,1050142
noise,Fast,encode,2,2.025440,835271,1677911
noise,Fast,decode,2,0.542080,1048576,1049673
noise,Fast,encode,3,1.899810,835271,1677911
noise,Fast,decode,3,0.583830,1048576,1050196
noise,Fast,encode,4,1.890860,835271,1677213
noise,Fast,decode,4,0.625990,1048576,1050140
noise,Fast,encode,5,1.924940,835271,1677554
noise,Fast,decode,5,0.611840,1048576,1049673
noise,Fast,encode,6,2.058980,835271,1677478
noise,Fast,decode,6,0.719780,1048576,1049673
noise,Fast,encode,7,2.112050,835271,1677213
noise,Fast,decode,7,0.605050,1048576,1049024
noise,Fast,encode,8,2.082920,835271,1677899
noise,Fast,decode,8,0.781430,1048576,1048923
noise,Default,encode,0,8.494290,934715,1872824
noise,Default,decode,0,1.550550,1048576,1048880
noise,Default,encode,1,8.764360,934715,1872694
noise,Default,decode,1,1.712840,1048576,1049766
noise,Default,encode,2,9.235930,934715,1872802
noise,Default,decode,2,1.696220,1048576,1049132
noise,Default,encode,3,8.883680,934715,1871360
noise,Default,decode,3,2.110150,1048576,1048879
noise,Default,encode,4,9.672450,934715,1871330
noise,Default,decode,4,1.477190,1048576,1049074
noise,Default,encode,5,8.415630,934715,1871448
noise,Default,decode,5,1.615400,1048576,1049715
noise,Default,encode,6,9.428260,934715,1871479
noise,Default,decode,6,1.806760,1048576,1048922
noise,Default,encode,7,10.319140,934715,1871344
noise,Default,decode,7,2.111270,1048576,1049715
noise,Default,encode,8,10.283210,934715,1871509
noise,Default,decode,8,1.906110,1048576,1049838
