manifest_sha256=AF470C3BF55E598FCC51A6792FA8B9DD8F0C85DBBF69786FE46AD4792A7706EF; count=50; seed=20260926; runtime=11.0.0; affinity=cpu4; priority=above-normal
folder,index,width,height,encoded_bytes,encode_ms,min_ms,max_ms,gc0,gc1,gc2
Google Photos,0,2272,1704,3734862,22.188000,20.031200,27.263300,1,1,1
Google Photos,1,4032,3024,8117951,59.878300,56.641900,67.644100,3,3,3
Google Photos,2,3024,4032,9783753,71.588000,60.987300,77.420000,2,2,2
Google Photos,3,4032,3024,11181171,60.215200,57.189000,70.251900,2,2,2
Google Photos,4,2272,1704,5300807,27.582900,25.819600,34.030400,2,2,2
Google Photos,5,1600,1200,1370694,9.403700,8.827000,10.480000,1,1,1
Google Photos,6,3840,2160,7218511,45.453100,41.759900,46.175500,1,1,1
Google Photos,7,4080,3072,8137841,61.401400,55.960400,87.872500,3,3,3
Google Photos,8,3072,4080,8119636,60.799900,58.213800,66.428400,2,2,2
Google Photos,9,4032,3024,10401655,59.171500,56.237400,68.238800,2,2,2
test2017,0,500,334,293160,1.496000,1.198800,1.942000,0,0,0
test2017,1,640,429,374263,1.498800,1.377800,3.444800,1,1,1
test2017,2,640,426,333281,1.399200,1.339100,1.558800,1,1,1
test2017,3,640,427,259053,1.478400,1.296800,5.252200,1,1,1
test2017,4,640,427,401266,1.536700,1.448800,1.680500,0,0,0
test2017,5,500,332,156071,0.814400,0.790600,6.742400,1,1,1
test2017,6,640,480,449716,1.783400,1.684300,2.741100,1,1,1
test2017,7,640,480,650096,2.736700,2.658000,3.121000,0,0,0
test2017,8,640,426,363729,1.522800,1.433100,7.042500,1,1,1
test2017,9,500,375,268518,1.070500,0.985200,2.775300,0,0,0
train2017,0,640,288,293052,1.112300,1.094000,1.327900,0,0,0
train2017,1,640,480,512529,2.321700,2.079500,4.345100,2,2,2
train2017,2,640,491,210875,3.781300,3.637000,7.969900,1,1,1
train2017,3,640,480,454042,1.972100,1.600100,4.387300,1,1,1
train2017,4,375,500,315073,1.242400,1.204700,1.366000,0,0,0
train2017,5,640,281,303845,1.428000,1.411800,1.837200,0,0,0
train2017,6,480,640,329902,1.741500,1.470000,4.051300,1,1,1
train2017,7,375,500,346775,1.686300,1.636900,2.024600,0,0,0
train2017,8,500,375,167310,0.903300,0.834900,1.065800,0,0,0
train2017,9,640,480,336876,2.308500,1.492900,7.821600,1,1,1
unlabeled2017,0,640,427,439890,1.660600,1.605400,2.018900,0,0,0
unlabeled2017,1,640,427,437721,2.300000,2.249100,2.399800,0,0,0
unlabeled2017,2,640,428,451709,1.595200,1.517000,1.865900,0,0,0
unlabeled2017,3,640,426,505625,1.771400,1.605500,2.553100,0,0,0
unlabeled2017,4,480,640,551152,2.263800,1.788500,36.042300,1,1,1
unlabeled2017,5,640,426,275250,1.940000,1.851700,4.653300,1,1,1
unlabeled2017,6,426,640,517561,2.301600,2.120600,2.616000,0,0,0
unlabeled2017,7,640,424,492488,2.790300,2.635200,3.055200,1,1,1
unlabeled2017,8,640,426,278432,1.321400,1.280600,3.079600,0,0,0
unlabeled2017,9,480,640,434436,1.710400,1.678800,1.831400,0,0,0
val2017,0,640,428,298613,2.931100,1.858600,5.432200,1,1,1
val2017,1,640,480,257402,2.088900,1.293900,2.899800,0,0,0
val2017,2,640,480,347034,1.517800,1.458500,2.493800,0,0,0
val2017,3,480,640,578860,2.463100,2.244300,2.765800,0,0,0
val2017,4,640,427,240984,1.949200,1.795100,2.133200,0,0,0
val2017,5,640,480,473050,2.241900,1.974400,3.190700,1,1,1
val2017,6,640,428,420359,1.849500,1.631900,1.895000,0,0,0
val2017,7,640,480,416746,1.902300,1.730200,3.598700,1,1,1
val2017,8,640,427,275678,1.511200,1.229500,1.843200,0,0,0
val2017,9,375,500,251116,1.115800,1.097400,2.039900,1,1,1
