Runtime: 11.0.0; OS: Microsoft Windows 10.0.26200; CPU: 32 logical processors; 20 warmups and 7 timed repetitions per operation; 512x512 RGBA
Image,Codec,Bytes,EncodeMs,DecodeMs
gradient,FIC Fast,292045,1.804,2.687
gradient,FIC Default,235802,3.908,1.232
gradient,ImageSharp PNG,391293,106.879,10.815
gradient,SkiaSharp PNG,353053,110.765,6.944
gradient,ImageSharp JPEG q90,63462,3.477,2.458
gradient,SkiaSharp JPEG q90,58310,6.995,5.264
graphics,FIC Fast,1977,2.851,0.117
graphics,FIC Default,1633,3.572,0.096
graphics,ImageSharp PNG,2368,7.230,1.301
graphics,SkiaSharp PNG,2426,15.270,2.868
graphics,ImageSharp JPEG q90,7352,1.618,1.230
graphics,SkiaSharp JPEG q90,3686,4.340,3.030
noise,FIC Fast,835271,1.810,3.857
noise,FIC Default,934915,7.269,1.583
noise,ImageSharp PNG,900102,63.757,5.761
noise,SkiaSharp PNG,918060,52.894,8.316
noise,ImageSharp JPEG q90,235387,4.709,4.632
noise,SkiaSharp JPEG q90,216215,8.595,6.804
